{
    "loss": 25.515933990478516,
    "accuracy": 0.48201438784599304
}