{
    "loss": 46.80927658081055,
    "accuracy": 0.48201438784599304
}