{
    "loss": 5.439294815063477,
    "accuracy": 0.5827338099479675
}